[
  {
    "id": 1,
    "name": "İstinye Üniversitesi Liv Hospital Bahçeşehir",
    "shortName": "İSÜ Liv Bahçeşehir",
    "address": "Aşık Veysel, Süleyman Demirel Cd. No:1, 34517",
    "district": "Esenyurt",
    "city": "İstanbul"
  },
  {
    "id": 2,
    "name": "İstinye Üniversitesi Liv Hospital Topkapı",
    "shortName": "İSÜ Liv Topkapı",
    "address": "Maltepe Mah Edirne Çırpıcı Yolu Sk. No:9; 34010",
    "district": "Zeytinburnu",
    "city": "İstanbul"
  },
  {
    "id": 3,
    "name": "İstinye Üniversitesi Medical Park Gaziosmanpaşa Hastanesi",
    "shortName": "İSÜ MP Gaziosmanpaşa",
    "address": "Merkez, Çukurçeşme Cd. No:57 D:59, 34250",
    "district": "Gaziosmanpaşa",
    "city": "İstanbul"
  },
  {
    "id": 4,
    "name": "Liv Hospital Ankara",
    "shortName": "Liv Ankara",
    "address": "Kavaklıdere, Bestekar Sok. No:8 06680",
    "district": "Çankaya",
    "city": "Ankara"
  },
  {
    "id": 5,
    "name": "Liv Hospital Gaziantep",
    "shortName": "Liv Gaziantep",
    "address": "Seyrantepe, Abdulkadir Konukoğlu Cd No:1 27080",
    "district": "Şehitkamil",
    "city": "Gaziantep"
  },
  {
    "id": 6,
    "name": "Liv Hospital Samsun",
    "shortName": "Liv Samsun",
    "address": "Hançerli, Fatih Sultan Mehmet Cd No:155 55020",
    "district": "İlkadım",
    "city": "Samsun"
  },
  {
    "id": 7,
    "name": "Liv Hospital Ulus",
    "shortName": "Liv Ulus",
    "address": "Ahmet Adnan Saygun Cad. Canan Sok. No:5 34340",
    "district": "Beşiktaş",
    "city": "İstanbul"
  },
  {
    "id": 8,
    "name": "Liv Hospital Vadistanbul",
    "shortName": "Liv Vadi",
    "address": "Ayazağa Mahallesi, Kemerburgaz Caddesi, Vadistanbul Park Etabı, 7F Blok 34396",
    "district": "Sarıyer",
    "city": "İstanbul"
  },
  {
    "id": 9,
    "name": "Medical Park Adana Hastanesi",
    "shortName": "MP Adana",
    "address": "Büyükşehir, Çınarlı Atatürk Cd., Belediye Karşısı No:23, 01060",
    "district": "Seyhan",
    "city": "Adana"
  },
  {
    "id": 10,
    "name": "Medical Park Ankara (Batıkent) Hastanesi",
    "shortName": "MP Ankara",
    "address": "Kent Koop Mh. 1868. Sk, Batıkent Blv. NO:15 06680",
    "district": "Yenimahalle",
    "city": "Ankara"
  },
  {
    "id": 11,
    "name": "Medical Park İncek Hastanesi",
    "shortName": "MP İncek",
    "address": "Kızılcaşar Mahallesi 2744 Sokak, İncek Şht. Savcı Mehmet Selim Kiraz Blv No:1, 06830",
    "district": "Gölbaşı",
    "city": "Ankara"
  },
  {
    "id": 12,
    "name": "Medical Park Antalya Hastanesi",
    "shortName": "MP Antalya",
    "address": "Fener, Tekelioğlu Cd. No:7, 07160",
    "district": "Muratpaşa",
    "city": "Antalya"
  },
  {
    "id": 13,
    "name": "Medical Park Ataşehir Hastanesi",
    "shortName": "MP Ataşehir",
    "address": "Kayışdağı, Raci Cd. No:1, 34755",
    "district": "Ataşehir",
    "city": "İstanbul"
  },
  {
    "id": 14,
    "name": "Medical Park Bahçelievler Hastanesi",
    "shortName": "MP Bahçelievler",
    "address": "Bahçelievler Mahallesi, E-5 Karayolu / Kültür Sok No:1, 34180",
    "district": "Bahçelievler",
    "city": "İstanbul"
  },
  {
    "id": 15,
    "name": "Medical Park Gebze Hastanesi",
    "shortName": "MP Gebze",
    "address": "Güzeller, Kavak Cd. No:5, 41400",
    "district": "Gebze",
    "city": "Kocaeli"
  },
  {
    "id": 16,
    "name": "Medical Park Göztepe Hastanesi",
    "shortName": "MP Göztepe",
    "address": "E5 Üzeri, Merdivenköy, Nisan Sk. No:17, 34732",
    "district": "Kadıköy",
    "city": "İstanbul"
  },
  {
    "id": 17,
    "name": "Medical Park İzmir Hastanesi",
    "shortName": "MP İzmir",
    "address": "Kahramanlar Mh., 1397. Sk. No:1, 35230",
    "district": "Konak",
    "city": "İzmir"
  },
  {
    "id": 18,
    "name": "Medical Park Ordu Hastanesi",
    "shortName": "MP Ordu",
    "address": "Akyazı, Şht. Ali Gaffar Okkan CD. No:9, 52200",
    "district": "Altınordu",
    "city": "Ordu"
  },
  {
    "id": 19,
    "name": "Medical Park Seyhan Hastanesi",
    "shortName": "MP Seyhan",
    "address": "Namık Kemal, Mustafa Kemal Paşa Blv. No:15, 01140",
    "district": "Seyhan",
    "city": "Adana"
  },
  {
    "id": 20,
    "name": "Medical Park Tem Hastanesi",
    "shortName": "MP Tem",
    "address": "Yunus Emre, Lütfi Aykaç Blv. No:80 D:G, 34260",
    "district": "Sultangazi",
    "city": "İstanbul"
  },
  {
    "id": 21,
    "name": "Medical Park Tokat Hastanesi",
    "shortName": "MP Tokat",
    "address": "Yeşilırmak Mah. Vali Zekai Gümüşdiş Cad. No:29",
    "district": "Merkez",
    "city": "Tokat"
  },
  {
    "id": 22,
    "name": "Medical Park Karadeniz Hastanesi",
    "shortName": "MP Karadeniz",
    "address": "İnönü, Yavuz Selim Blv. No:190, 61040",
    "district": "Ortahisar",
    "city": "Trabzon"
  },
  {
    "id": 23,
    "name": "Medical Park Yıldızlı Hastanesi",
    "shortName": "MP Yıldızlı",
    "address": "Yıldızlı Beldesi, Merkez Mahallesi, Devlet Sahil Yolu Caddesi, No:46",
    "district": "Akçaabat",
    "city": "Trabzon"
  },
  {
    "id": 24,
    "name": "VM Medical Park Ankara (Keçiören) Hastanesi",
    "shortName": "VM MP Ankara",
    "address": "Kalaba Mh. 30 Sk. No: 5, 06120",
    "district": "Keçiören",
    "city": "Ankara"
  },
  {
    "id": 25,
    "name": "VM Medical Park Bursa Hastanesi",
    "shortName": "VM MP Bursa",
    "address": "Kırcaali, Fevzi Çakmak Cd. No:76, 16220",
    "district": "Osmangazi",
    "city": "Bursa"
  },
  {
    "id": 26,
    "name": "VM Medical Park Gebze (Fatih) Hastanesi",
    "shortName": "VM MP Fatih",
    "address": "Osman Yılmaz, Mh., İstanbul Cd. No:26, 41400",
    "district": "Gebze",
    "city": "Kocaeli"
  },
  {
    "id": 27,
    "name": "VM Medical Park Florya Hastanesi",
    "shortName": "VM MP Florya",
    "address": "Florya, Beşyol, Akasya Sk. No:4 D:1, 34295",
    "district": "Küçükçekmece",
    "city": "İstanbul"
  },
  {
    "id": 28,
    "name": "VM Medical Park Kocaeli Hastanesi",
    "shortName": "VM MP Kocaeli",
    "address": "Ovacık, D100 Üstü No:34, 41140",
    "district": "Başiskele",
    "city": "Kocaeli"
  },
  {
    "id": 29,
    "name": "VM Medical Park Maltepe Hastanesi",
    "shortName": "VM MP Maltepe",
    "address": "Cevizli, Bağdat Cd. No:547, 34846",
    "district": "Maltepe",
    "city": "İstanbul"
  },
  {
    "id": 30,
    "name": "VM Medical Park Mersin Hastanesi",
    "shortName": "VM MP Mersin",
    "address": "Atatürk, Gazi Mustafa Kemal Blv. No:676, 33200",
    "district": "Mezitli",
    "city": "Mersin"
  },
  {
    "id": 31,
    "name": "VM Medical Park Pendik Hastanesi",
    "shortName": "VM MP Pendik",
    "address": "Fevzi Çakmak Mah. Cemal Gürsel cad. d100 karayolu No:9 34899",
    "district": "Pendik",
    "city": "İstanbul"
  },
  {
    "id": 32,
    "name": "VM Medical Park Samsun Hastanesi",
    "shortName": "VM MP Samsun",
    "address": "Mimar Sinan Mah. Alparslan Bulvarı, No: 17",
    "district": "Atakum",
    "city": "Samsun"
  },
  {
    "id": 33,
    "name": "İstinye Dental Hospital",
    "shortName": "İstinye Dent",
    "address": "Ayazağa, Defne Sk. No:1 D:34408, 34408",
    "district": "Sarıyer",
    "city": "İstanbul"
  }
]